threshold_pct,opportunities,total_profit,avg_profit_per_trade,fills_per_sec,total_volume,win_rate,avg_spread_pct,median_spread_pct
0.05,73081,377578.7099999994,5.166578317209663,0.012112096683306484,303150051.975,100.0,0.12650164126558633,0.09758584277028333
0.1,35301,261826.65999999974,7.416975723067328,0.005850677698113583,143717935.17,100.0,0.18409303515465786,0.14845721697412126
0.15,17292,171555.2999999998,9.921079111727956,0.0028661501894523284,69272631.75,100.0,0.24945081044582615,0.20450463169901742
0.2,9127,114567.61999999986,12.552604360688054,0.0015128008778123644,36098974.5,100.0,0.31888749430277635,0.26257282795564896
0.25,5157,79335.80999999995,15.38410122164048,0.0008547901065131127,20246242.315,100.0,0.39325280454591127,0.3218365653747386
0.3,3163,57849.77999999994,18.289528928232674,0.0005242778954626674,12368722.09,100.0,0.46919277157547357,0.37807097824449554
0.5,716,22698.83999999999,31.70229050279328,0.00011916174042711828,2775273.62,100.0,0.8198921879317562,0.6354429059556246
0.75,227,11453.149999999994,50.45440528634359,3.792169087306758e-05,877925.145,100.0,1.3097893044221973,1.0312491392969039
1.0,119,7924.829999999991,66.59521008403354,2.0187215216071057e-05,459435.705,100.0,1.7333782078838138,1.4583586598768759
