pattern_id,pattern,total_profit,num_trades,win_rate,avg_profit_per_trade,max_drawdown
756,(volume_multiply_upper_wick)_threshold_1.0_5candles,4351.557313159259,17675,0.5060820367751061,0.24619843355922258,0.08563011985771711
780,(body_divide_wick_ratio)_threshold_1.0_5candles,3344.9383215837097,14092,0.5011353959693443,0.23736434300196635,0.11227156267211576
819,(wick_ratio_divide_upper_wick)_threshold_3.0_5candles,3035.282225284831,2343,0.5275288092189501,1.2954682993106406,0.16039352503573878
729,(volume_divide_body)_threshold_3.0_5candles,2901.889852146651,3215,0.501710730948678,0.9026095963131107,0.14019846103958405
888,(body_divide_wick_ratio)_threshold_1.0_7candles,2656.551246402634,11973,0.5075586736824522,0.22187849715214517,0.15480907898156676
1067,wick_ratio_time_decay_0.5_15candles,2616.9240626067585,7440,0.5041666666666667,0.35173710518908047,0.13299171695608503
993,(body_multiply_wick_ratio)_threshold_3.0_10candles,2343.6824019032647,748,0.5267379679144385,3.133265243186183,0.11884403848961746
910,(body_divide_upper_wick)_threshold_5.0_7candles,2009.241079920832,572,0.527972027972028,3.512659230630825,0.166881868784958
12,volume_increasing_5candles,1959.5214577441038,586,0.5255972696245734,3.3438932726008597,0.11526004439811459
1116,curr_body_div_max_body_3.0_10window,1930.909758294274,25747,0.5048355148172603,0.07499552407248511,0.14816859216752812
936,(volume_multiply_body)_threshold_1.0_10candles,1928.6293103443095,15675,0.49881977671451355,0.12303855249405483,0.12119722343094025
21,lower_wick_increasing_5candles,1891.1143862607532,330,0.5060606060606061,5.730649655335616,0.14515751047693567
984,(volume_ratio_change_upper_wick)_threshold_1.0_10candles,1855.6219225733857,23764,0.5021461033496044,0.07808542007125845,0.10363960499273552
876,(volume_ratio_change_upper_wick)_threshold_1.0_7candles,1855.486962803814,23765,0.5021249737008205,0.07807645540937573,0.10363960499273847
15,body_increasing_5candles,1846.297970048965,428,0.5046728971962616,4.313780303852722,0.12592719216364318
737,(volume_multiply_wick_ratio)_threshold_0.5_5candles,1837.2207352147598,23457,0.5027497122394168,0.07832292003302893,0.12697408733759408
781,(body_divide_wick_ratio)_threshold_1.5_5candles,1760.1667622560417,10970,0.5062898814949863,0.16045275863774308,0.14721200064776058
291,IF_volume_increasing_5_THEN_lower_wick_increasing,1706.0942435881516,9,0.6666666666666666,189.56602706535017,0.08929653807735022
736,(volume_ratio_change_body)_threshold_5.0_5candles,1642.4247741800755,7436,0.5036309844002151,0.2208747679101769,0.24222185406780772
844,(volume_ratio_change_body)_threshold_5.0_7candles,1642.4247741800755,7436,0.5036309844002151,0.2208747679101769,0.24222185406780772
135,high_increasing_15candles,1506.860357406873,6,0.6666666666666666,251.1433929011455,0.04104127708822398
70,high_decreasing_10candles,1503.450458582227,239,0.5062761506276151,6.290587692812665,0.1311865705593676
137,high_stable_15candles,1497.4160988665917,49418,0.49959528916589097,0.030301025919029334,0.156727725293231
38,high_stable_7candles,1333.6403322014012,49450,0.49953488372093025,0.026969470823081924,0.1776715672567201
1027,(wick_ratio_multiply_upper_wick)_threshold_1.5_10candles,1315.7299870017232,9441,0.5001588814744201,0.13936341351569995,0.1428759737223446
2,close_stable_5candles,1304.370409406849,49454,0.5018603146358231,0.026375427860372242,0.14936856440459156
965,(volume_ratio_change_wick_ratio)_threshold_0.5_10candles,1159.8720261049166,29849,0.5009883078160072,0.03885798606669961,0.17093972061776125
749,(volume_ratio_change_wick_ratio)_threshold_0.5_5candles,1159.744986480564,29850,0.5009715242881072,0.03885242835780784,0.1709397206177606
857,(volume_ratio_change_wick_ratio)_threshold_0.5_7candles,1159.744986480564,29850,0.5009715242881072,0.03885242835780784,0.1709397206177606
33,close_increasing_7candles,1136.1916944702298,691,0.5296671490593343,1.6442716273085813,0.19604016336252145
726,(volume_divide_body)_threshold_1.0_5candles,1110.9352017862839,16783,0.5036048382291605,0.06619407744659976,0.1912351050966617
213,close_decelerating_7candles,1078.269490639057,69,0.5362318840579711,15.627094067232711,0.12050221585198091
8,low_stable_5candles,1061.9263030579896,49452,0.5008088651621775,0.021473879783587915,0.14373925770391202
134,close_stable_15candles,1045.9163000611024,49408,0.49923089378238344,0.021168966565355864,0.15968858943654546
278,range_reversal_after_10candles,1016.4928927550336,25396,0.49751929437706727,0.0400257084877553,0.15439177256428416
16,body_decreasing_5candles,982.4194071697075,464,0.47844827586206895,2.117283205107128,0.1529746107408849
43,open_decreasing_7candles,981.6223287309203,654,0.4969418960244648,1.5009515729830587,0.1556317261004335
1044,volume_time_decay_0.7_7candles,973.1687577645916,6486,0.4992291088498304,0.1500414365964526,0.19163188391075153
1016,(body_divide_upper_wick)_threshold_2.0_10candles,965.6951724637511,1392,0.5035919540229885,0.6937465319423499,0.15309862538290103
960,(volume_divide_wick_ratio)_threshold_1.0_10candles,945.0014440887662,10771,0.5026459938724352,0.08773572036846776,0.20227613090569047
1107,curr_body_div_max_body_4.0_7window,928.6441142700078,25867,0.500637878377856,0.03590072734642625,0.12479293888764585
903,(body_multiply_upper_wick)_threshold_3.0_7candles,921.5421235545236,4283,0.5033854774690637,0.21516276524737885,0.1771656743756052
24,wick_ratio_increasing_5candles,844.3012468965117,382,0.4607329842931937,2.2102126882107633,0.1544360872224991
205,close_decelerating_5candles,813.3671631841826,2106,0.5004748338081672,0.38621422753285023,0.21727145808180043
1000,(body_divide_wick_ratio)_threshold_5.0_10candles,783.5392071258266,2117,0.5196032120925839,0.37011771711186897,0.1829335332571964
1101,curr_body_div_max_body_2.0_7window,770.0387151871364,25371,0.5056166489298806,0.03035113772366625,0.16887471966863046
841,(volume_ratio_change_body)_threshold_1.5_7candles,739.676487889752,19381,0.4996130230638254,0.038165032139195705,0.16534981871280588
949,(volume_ratio_change_body)_threshold_1.5_10candles,739.6275850426173,19380,0.4995872033023736,0.038164478072374476,0.16534981871280274
28,body_pct_decreasing_5candles,731.4600832695196,385,0.44415584415584414,1.8998963201805703,0.15036553151916865
836,(volume_divide_body)_threshold_2.0_7candles,728.3371126943766,6787,0.49889494622071606,0.10731355719675506,0.15309178150610303
733,(volume_ratio_change_body)_threshold_1.5_5candles,720.7980547902298,19382,0.4995872458982561,0.03718904420546021,0.16534981871280444
25,wick_ratio_decreasing_5candles,708.4752843451079,396,0.5,1.7890790008714845,0.14768646934831348
1024,(body_ratio_change_upper_wick)_threshold_5.0_10candles,691.4395109765246,15381,0.49951238541057147,0.04495413243459623,0.14690050152015782
305,IF_body_decreasing_5_THEN_lower_wick_increasing,665.5890831370216,4,0.75,166.3972707842554,0.11159351789331536
1056,body_time_decay_0.7_10candles,632.5546325932282,8428,0.5003559563360228,0.07505394311737403,0.19905105480736032
1030,(wick_ratio_multiply_upper_wick)_threshold_5.0_10candles,602.4587577773236,3035,0.500494233937397,0.19850370931707534,0.2015812981954891
830,(volume_multiply_body)_threshold_2.0_7candles,561.3262794835337,7620,0.49855643044619424,0.07366486607395455,0.16659884091053667
73,low_decreasing_10candles,535.12445793199,74,0.527027027027027,7.231411593675541,0.10439467026298246
812,(wick_ratio_multiply_upper_wick)_threshold_2.0_5candles,487.61094190804397,10023,0.501047590541754,0.04864920102843899,0.2311555743286418
974,(volume_multiply_upper_wick)_threshold_2.0_10candles,470.01278897791417,8028,0.5001245640259093,0.058546685223955425,0.20121547958175304
140,low_stable_15candles,457.359585940756,49398,0.5015587675614397,0.009258666058155311,0.2146937746196588
1112,curr_wick_ratio_div_max_wick_ratio_2.0_10window,431.99771527677876,9035,0.4996126175982291,0.04781380357241602,0.21248595888057262
773,(body_multiply_wick_ratio)_threshold_0.5_5candles,419.81086337350644,38070,0.5007354872603099,0.011027340776819187,0.15434920377425615
1060,wick_ratio_time_decay_0.9_10candles,417.92926840236214,9211,0.49625447834111386,0.045372844251694945,0.15092145987040606
1093,curr_volume_div_max_volume_3.0_5window,413.51476544090656,27648,0.5021701388888888,0.014956407893551307,0.132441729708088
740,(volume_multiply_wick_ratio)_threshold_2.0_5candles,400.8533954010254,9002,0.5009997778271496,0.0445293707399495,0.24941773138790224
1001,(body_ratio_change_wick_ratio)_threshold_0.5_10candles,392.4939618990393,28186,0.5012772298304122,0.013925138788726293,0.16751667964101272
785,(body_ratio_change_wick_ratio)_threshold_0.5_5candles,392.375657806886,28187,0.5012594458438288,0.013920447646322276,0.16751667964101954
893,(body_ratio_change_wick_ratio)_threshold_0.5_7candles,392.375657806886,28187,0.5012594458438288,0.013920447646322276,0.16751667964101954
280,IF_volume_increasing_5_THEN_body_decreasing,373.05908121352513,2,0.5,186.52954060676257,4.0075520091340876e-05
19,upper_wick_decreasing_5candles,364.4784897426234,355,0.5014084507042254,1.0266999711059814,0.14746685804349077
801,(body_divide_upper_wick)_threshold_3.0_5candles,361.27641750946896,1975,0.49873417721518987,0.18292476835922478,0.11834672218628317
866,(volume_multiply_upper_wick)_threshold_2.0_7candles,360.0371188428853,8438,0.5092438966579759,0.04266853743101272,0.14948458433266076
871,(volume_divide_upper_wick)_threshold_1.5_7candles,336.03725443951043,3018,0.5096090125911199,0.1113443520342977,0.19568864509230585
102,high_increasing_12candles,309.9779869301947,25,0.56,12.399119477207787,0.12898799545206638
779,(body_divide_wick_ratio)_threshold_0.5_5candles,272.9001501182065,19228,0.5022883295194508,0.014192851576773795,0.17654389222037084
924,(wick_ratio_divide_upper_wick)_threshold_1.0_7candles,270.6090806922675,5025,0.5044776119402985,0.05385255337159553,0.1890121481323909
1069,wick_ratio_time_decay_0.9_15candles,258.944457407355,8176,0.5012230919765166,0.03167128882183892,0.14751539547691905
975,(volume_multiply_upper_wick)_threshold_3.0_10candles,256.6315845871395,4615,0.5150595882990249,0.05560814400588072,0.14849973843289876
76,open_decreasing_10candles,248.1826656774574,70,0.4714285714285714,3.5454666525351057,0.11746565664385332
835,(volume_divide_body)_threshold_1.5_7candles,245.49215993396683,9673,0.49643337123953274,0.02537911298810781,0.20741999475667183
27,body_pct_increasing_5candles,230.25840290798624,397,0.5214105793450882,0.5799959770982022,0.14618269343828338
904,(body_multiply_upper_wick)_threshold_5.0_7candles,229.08614462052356,832,0.5216346153846154,0.27534392382274464,0.18232063090255038
271,open_reversal_after_10candles,212.24607956530417,25062,0.49708722368526054,0.008468840458275643,0.21179386937671216
109,open_decreasing_12candles,207.71294534129265,18,0.6666666666666666,11.53960807451626,0.0716609368389828
848,(volume_multiply_wick_ratio)_threshold_2.0_7candles,187.05896224236858,8213,0.4977474735175941,0.022775960336340995,0.18283503809923915
816,(wick_ratio_divide_upper_wick)_threshold_1.0_5candles,184.3194303979417,7481,0.503943323085149,0.024638341184058506,0.18175547613598927
1025,(wick_ratio_multiply_upper_wick)_threshold_0.5_10candles,171.7650822829255,16512,0.5000605620155039,0.010402439576243067,0.14468544575137143
1051,wick_ratio_time_decay_0.9_7candles,165.19533731701267,10234,0.49648231385577485,0.016141815254740344,0.17138129144836436
747,(volume_divide_wick_ratio)_threshold_3.0_5candles,159.50267397549396,4217,0.510552525492056,0.037823731082640255,0.19681575648024383
761,(volume_divide_upper_wick)_threshold_0.5_5candles,127.41680040920255,11414,0.499211494655686,0.011163203119782946,0.17838644190748718
744,(volume_divide_wick_ratio)_threshold_1.0_5candles,119.05023676820747,14826,0.4991906110886281,0.008029828461365672,0.16488030260249148
67,close_decreasing_10candles,107.30694064382806,59,0.559322033898305,1.8187617058275942,0.14367695622443477
796,(body_multiply_upper_wick)_threshold_5.0_5candles,69.9209194540581,5,0.6,13.984183890811618,0.06630009469527781
935,(volume_multiply_body)_threshold_0.5_10candles,67.92871816791194,25513,0.4984909653901932,0.0026625139406542524,0.16006113260824545
301,IF_body_decreasing_5_THEN_upper_wick_increasing,58.30899965833669,5,0.4,11.661799931667337,0.07279460773217158
303,IF_body_increasing_5_THEN_lower_wick_increasing,41.045644325113244,1,1.0,41.045644325113244,0.0
929,(wick_ratio_ratio_change_upper_wick)_threshold_0.5_7candles,39.7227308553538,27787,0.49832655558354627,0.0014295437022835786,0.24287320596670858
1037,(wick_ratio_ratio_change_upper_wick)_threshold_0.5_10candles,39.67701523029427,27786,0.4983085006837976,0.0014279498751275561,0.24287320596670775
1015,(body_divide_upper_wick)_threshold_1.5_10candles,38.33214388140914,1846,0.5113759479956663,0.0207649750170147,0.21209295605822148
1022,(body_ratio_change_upper_wick)_threshold_2.0_10candles,29.433717306012113,19827,0.49573813486659607,0.0014845270240587136,0.1766625144399036
806,(body_ratio_change_upper_wick)_threshold_2.0_5candles,29.319546149798043,19828,0.4957131329433125,0.0014786940765482168,0.17666251443990524
914,(body_ratio_change_upper_wick)_threshold_2.0_7candles,29.319546149798043,19828,0.4957131329433125,0.0014786940765482168,0.17666251443990524
821,(wick_ratio_ratio_change_upper_wick)_threshold_0.5_5candles,22.074691445093777,27788,0.4983086224269469,0.0007943965540914702,0.2428732059667055
932,(wick_ratio_ratio_change_upper_wick)_threshold_2.0_7candles,1.675548459039419,18432,0.4969075520833333,9.090432177948237e-05,0.1670040677559974
1040,(wick_ratio_ratio_change_upper_wick)_threshold_2.0_10candles,1.6300060808971466,18431,0.4968802560902827,8.843828771619264e-05,0.16700406775599183
940,(volume_multiply_body)_threshold_5.0_10candles,-1.6530441599352343,1297,0.5042405551272167,-0.0012745136159870735,0.18839821206866503
746,(volume_divide_wick_ratio)_threshold_2.0_5candles,-6.27639414852456,7944,0.5013846928499497,-0.0007900798273570694,0.15239104301503925
289,IF_volume_decreasing_5_THEN_upper_wick_increasing,-13.153387644913892,3,0.6666666666666666,-4.38446254830463,0.055869390389076484
824,(wick_ratio_ratio_change_upper_wick)_threshold_2.0_5candles,-15.905610800105933,18433,0.4968805945857972,-0.0008628877990617877,0.16700406775599433
1071,volatility_contraction_5candles,-18.770920365150232,8439,0.5043251570091243,-0.002224306240686128,0.23820641530840989
981,(volume_divide_upper_wick)_threshold_3.0_10candles,-35.54064230095355,811,0.528976572133169,-0.04382323341671215,0.16115791641778796
843,(volume_ratio_change_body)_threshold_3.0_7candles,-62.40499344876298,11588,0.4990507421470487,-0.005385311826783136,0.17390529430991045
1068,wick_ratio_time_decay_0.7_15candles,-65.99298185777661,8422,0.4957254808834006,-0.00783578506979062,0.1938418170236321
1002,(body_ratio_change_wick_ratio)_threshold_1.0_10candles,-84.22976060109977,24440,0.5012274959083469,-0.0034463895499631655,0.16561170786884583
786,(body_ratio_change_wick_ratio)_threshold_1.0_5candles,-84.34263785670373,24441,0.5012069882574363,-0.0034508668981098863,0.16561170786884927
894,(body_ratio_change_wick_ratio)_threshold_1.0_7candles,-84.34263785670373,24441,0.5012069882574363,-0.0034508668981098863,0.16561170786884927
467,body_decreasing_AND_lower_wick_increasing_AND_wick_ratio_increasing_5candles,-89.38021766434576,3,0.6666666666666666,-29.793405888115256,0.12788369008296713
934,(wick_ratio_ratio_change_upper_wick)_threshold_5.0_7candles,-90.0765496820095,13347,0.4878999025998352,-0.006748823681876789,0.18120928047359797
842,(volume_ratio_change_body)_threshold_2.0_7candles,-114.51117287241686,15845,0.4953613127169454,-0.00722695947443464,0.17162520978458642
950,(volume_ratio_change_body)_threshold_2.0_10candles,-114.55618619719098,15844,0.4953294622570058,-0.007230256639560148,0.17162520978458665
1008,(body_multiply_upper_wick)_threshold_1.0_10candles,-120.19772763742913,16372,0.505497190324945,-0.007341664282765033,0.20870538307450948
775,(body_multiply_wick_ratio)_threshold_1.5_5candles,-145.65993255372086,9785,0.4982115482881962,-0.01488604318382431,0.13237920152256177
727,(volume_divide_body)_threshold_1.5_5candles,-146.03182535697124,10670,0.49597000937207125,-0.01368620668762617,0.18505975480162856
416,volume_increasing_AND_body_increasing_AND_wick_ratio_decreasing_5candles,-146.45800979572414,1,0.0,-146.45800979572414,0.014645800979572413
1099,curr_volume_div_max_volume_5.0_5window,-161.10144647596644,27647,0.5009585126776865,-0.005827085993994518,0.13244172970808898
1012,(body_multiply_upper_wick)_threshold_5.0_10candles,-162.08295195209757,1256,0.51671974522293,-0.12904693626759361,0.17728422281501138
743,(volume_divide_wick_ratio)_threshold_0.5_5candles,-179.22077695287226,21712,0.502210759027266,-0.0082544573025457,0.21759461856480125
887,(body_divide_wick_ratio)_threshold_0.5_7candles,-183.86249218587,16710,0.5005385996409336,-0.011003141363606823,0.17867039523105166
809,(wick_ratio_multiply_upper_wick)_threshold_0.5_5candles,-191.5559998236822,20050,0.5037406483790524,-0.00955391520317617,0.21621961437406564
1100,curr_wick_ratio_div_max_wick_ratio_2.0_7window,-191.86064359028205,10696,0.4978496634255797,-0.017937606917565636,0.1610473654203666
5,high_stable_5candles,-193.13239236413392,49457,0.49974725519137836,-0.0039050567637368607,0.20860154007117163
917,(wick_ratio_multiply_upper_wick)_threshold_0.5_7candles,-198.87394597939783,18187,0.5025567713201737,-0.010934950567955013,0.24069376058897904
247,high_reversal_after_5candles,-234.16639196462165,24913,0.4987355998876089,-0.009399365470421934,0.1935054898521367
1070,volatility_expansion_5candles,-239.9207542430904,13948,0.4956983080011471,-0.017201086481437512,0.16597740205801156
100,close_decreasing_12candles,-243.06427387617805,11,0.45454545454545453,-22.09675217056164,0.0866100623049492
927,(wick_ratio_divide_upper_wick)_threshold_3.0_7candles,-255.3111601518176,1894,0.4941921858500528,-0.13479997896083296,0.16727459998790045
29,body_pct_stable_5candles,-267.3198733174977,1,0.0,-267.3198733174977,0.02673198733174977
66,close_increasing_10candles,-303.7855364608822,73,0.4383561643835616,-4.161445704943592,0.13782024802069856
1004,(body_ratio_change_wick_ratio)_threshold_2.0_10candles,-309.6642320784649,20725,0.5034499396863691,-0.01494157935239879,0.18435665988208005
1019,(body_ratio_change_upper_wick)_threshold_0.5_10candles,-310.1731506864835,27454,0.49967217891746196,-0.01129792200358722,0.20041309778214586
803,(body_ratio_change_upper_wick)_threshold_0.5_5candles,-310.2834558908453,27455,0.4996539792387543,-0.011301528169398846,0.20041309778214725
911,(body_ratio_change_upper_wick)_threshold_0.5_7candles,-310.2834558908453,27455,0.4996539792387543,-0.011301528169398846,0.20041309778214725
997,(body_divide_wick_ratio)_threshold_1.5_10candles,-311.12940279493887,7735,0.5017453135100194,-0.04022358148609423,0.18735591645649158
827,(volume_multiply_body)_threshold_0.5_7candles,-317.2859438279447,26892,0.500111557340473,-0.011798525354304057,0.17157079920079776
267,range_reversal_after_7candles,-323.8293286525841,25320,0.4995260663507109,-0.012789467956263194,0.21960698262383666
970,(volume_ratio_change_wick_ratio)_threshold_5.0_10candles,-357.708451252387,12985,0.4955718136311128,-0.02754782065863589,0.2152813294531934
106,low_decreasing_12candles,-372.12825420886475,16,0.375,-23.258015888054047,0.10781486469291
288,IF_volume_increasing_5_THEN_upper_wick_decreasing,-381.7889114166228,1,0.0,-381.7889114166228,0.03817889114166228
772,(volume_ratio_change_upper_wick)_threshold_5.0_5candles,-390.1506755437513,12317,0.487293983924657,-0.03167578757357727,0.20449712975681344
880,(volume_ratio_change_upper_wick)_threshold_5.0_7candles,-390.1506755437513,12317,0.487293983924657,-0.03167578757357727,0.20449712975681344
7,low_decreasing_5candles,-394.7441553729914,3000,0.4666666666666667,-0.13158138512433046,0.2830648291991071
753,(volume_ratio_change_wick_ratio)_threshold_3.0_5candles,-400.5050378410615,16331,0.5022962464025473,-0.0245242200625229,0.2135150365640999
861,(volume_ratio_change_wick_ratio)_threshold_3.0_7candles,-400.5050378410615,16331,0.5022962464025473,-0.0245242200625229,0.2135150365640999
252,upper_wick_reversal_after_5candles,-409.3765534169488,22931,0.5017225589812917,-0.01785253819793942,0.13976529092035722
6,low_increasing_5candles,-411.094525288001,4570,0.5330415754923413,-0.08995503835623654,0.1762395655019129
1121,curr_wick_ratio_div_max_wick_ratio_5.0_10window,-419.6027117841859,8608,0.4983736059479554,-0.04874566819054204,0.19945862970518813
1088,curr_wick_ratio_div_max_wick_ratio_2.0_5window,-428.37341742555145,12153,0.5008639842014317,-0.03524836809228597,0.1935443577640377
41,low_stable_7candles,-436.4324484992376,49444,0.4990494296577947,-0.008826803019562283,0.25830256004560975
745,(volume_divide_wick_ratio)_threshold_1.5_5candles,-437.34440709746195,10730,0.5041006523765145,-0.04075903141635247,0.15611733821189877
825,(wick_ratio_ratio_change_upper_wick)_threshold_3.0_5candles,-438.23081641725,15983,0.49446286679597073,-0.027418558244212604,0.21287349674948738
1106,curr_wick_ratio_div_max_wick_ratio_4.0_7window,-466.3821721691711,10323,0.4920081371694275,-0.04517893753455111,0.15560787372797424
206,volume_accelerating_7candles,-470.1454162262671,79,0.5316455696202531,-5.9512078003324955,0.22477453191691954
890,(body_divide_wick_ratio)_threshold_2.0_7candles,-482.0497635698466,7363,0.507809316854543,-0.06546920597172981,0.2976378950561511
789,(body_ratio_change_wick_ratio)_threshold_3.0_5candles,-491.267093620756,18625,0.500993288590604,-0.02637675670447012,0.19269229083764902
897,(body_ratio_change_wick_ratio)_threshold_3.0_7candles,-491.267093620756,18625,0.500993288590604,-0.02637675670447012,0.19269229083764902
1021,(body_ratio_change_upper_wick)_threshold_1.5_10candles,-503.6489347041643,21397,0.4964714679627985,-0.023538296710013753,0.21332947081496176
805,(body_ratio_change_upper_wick)_threshold_1.5_5candles,-503.75703745571263,21398,0.4964482661931022,-0.023542248689396795,0.2133294708149705
913,(body_ratio_change_upper_wick)_threshold_1.5_7candles,-503.75703745571263,21398,0.4964482661931022,-0.023542248689396795,0.2133294708149705
1113,curr_body_div_max_body_2.0_10window,-522.1636233023837,25605,0.49994141769185707,-0.020393033520889815,0.20685088826935796
262,body_reversal_after_7candles,-527.5356951523645,24872,0.49939691219041493,-0.021210023124491977,0.2550200756779502
1062,volume_time_decay_0.7_15candles,-534.0501806157663,6422,0.4950171286203675,-0.08315948000868363,0.2655664038167567
36,high_increasing_7candles,-534.3880003041704,817,0.49571603427172584,-0.6540856796868671,0.20073559516718498
46,volume_decreasing_7candles,-536.6719109340247,34,0.5294117647058824,-15.784467968647785,0.1809062700542297
44,open_stable_7candles,-539.5022430915233,49445,0.49641015269491356,-0.010911158723663127,0.24531389623232597
739,(volume_multiply_wick_ratio)_threshold_1.5_5candles,-570.2361326560658,11980,0.500584307178631,-0.04759900940367828,0.1787335230382516
1103,curr_wick_ratio_div_max_wick_ratio_3.0_7window,-596.9412786391058,10621,0.5042839657282742,-0.056203867680925126,0.21039041542920206
1094,curr_wick_ratio_div_max_wick_ratio_4.0_5window,-606.9340076951503,11568,0.5002593360995851,-0.05246663275373014,0.14661538051965453
999,(body_divide_wick_ratio)_threshold_3.0_10candles,-614.5872433232144,4227,0.5034303288384196,-0.1453956099652743,0.24256946851949218
281,IF_volume_decreasing_5_THEN_body_increasing,-618.4430655103242,3,0.6666666666666666,-206.1476885034414,0.17069519706877007
837,(volume_divide_body)_threshold_3.0_7candles,-619.0613333867423,3673,0.4952355023141846,-0.16854378801708203,0.1887876634514202
863,(volume_multiply_upper_wick)_threshold_0.5_7candles,-630.9795344793602,24322,0.5006578406381054,-0.025942748724585154,0.22151699818334053
883,(body_multiply_wick_ratio)_threshold_1.5_7candles,-634.2174487556495,9928,0.5019137792103142,-0.06388169306563754,0.20011167831107396
956,(volume_multiply_wick_ratio)_threshold_2.0_10candles,-637.0759990990064,7354,0.49605656785422897,-0.08662986117745532,0.22534237725250683
287,IF_volume_increasing_5_THEN_upper_wick_increasing,-643.3059530113569,6,0.6666666666666666,-107.21765883522615,0.162865709499522
30,range_increasing_5candles,-660.4526923378253,471,0.4819532908704883,-1.402235015579247,0.12569730315462016
760,(volume_multiply_upper_wick)_threshold_5.0_5candles,-675.8597486764247,6,0.5,-112.64329144607079,0.14819225090489596
741,(volume_multiply_wick_ratio)_threshold_3.0_5candles,-684.4985351186533,5107,0.4981398081065205,-0.13403143432908818,0.22913215477604335
908,(body_divide_upper_wick)_threshold_2.0_7candles,-688.7377690996036,2442,0.5036855036855037,-0.28203839848468615,0.20439118748107604
1055,body_time_decay_0.5_10candles,-689.7234230513641,4393,0.4939676758479399,-0.1570051042684644,0.1941640211436624
265,wick_ratio_reversal_after_7candles,-692.3246040329068,24623,0.5002639808309304,-0.028116988345567428,0.1857234328294891
279,IF_volume_increasing_5_THEN_body_increasing,-699.5968100005866,10,0.5,-69.95968100005867,0.13463731769542658
459,body_decreasing_AND_upper_wick_increasing_AND_wick_ratio_increasing_5candles,-701.2356731227555,3,0.3333333333333333,-233.74522437425185,0.07659834200329224
311,IF_wick_ratio_increasing_5_THEN_lower_wick_increasing,-707.5803408308184,15,0.5333333333333333,-47.17202272205456,0.13588797463911734
834,(volume_divide_body)_threshold_1.0_7candles,-709.4461597181944,14995,0.49436478826275426,-0.047312181375004626,0.2293860064734339
839,(volume_ratio_change_body)_threshold_0.5_7candles,-710.308308147849,33607,0.49724759722676826,-0.02113572494265626,0.16405243929674937
947,(volume_ratio_change_body)_threshold_0.5_10candles,-710.3506085256195,33606,0.4972326370291019,-0.021137612584824716,0.16405243929675697
872,(volume_divide_upper_wick)_threshold_2.0_7candles,-711.603527549134,2195,0.5111617312072892,-0.32419295104744145,0.23090035811677775
261,volume_reversal_after_7candles,-720.4975993716143,25887,0.49623363077992816,-0.02783241006573239,0.26961405323168613
1089,curr_body_div_max_body_2.0_5window,-723.5493572602209,24841,0.503119842196369,-0.029127223431432748,0.23934009384448485
731,(volume_ratio_change_body)_threshold_0.5_5candles,-726.6379269512345,33608,0.4972328017138776,-0.02162098092570919,0.1640524392967448
864,(volume_multiply_upper_wick)_threshold_1.0_7candles,-743.9405811780089,16448,0.5016415369649806,-0.04522985050936338,0.201193838220553
1050,wick_ratio_time_decay_0.7_7candles,-744.3529734167514,9592,0.4976021684737281,-0.07760143592751786,0.25055687839428625
1097,curr_wick_ratio_div_max_wick_ratio_5.0_5window,-748.6896310061911,11017,0.49269311064718163,-0.0679576682405547,0.2527093668683696
962,(volume_divide_wick_ratio)_threshold_2.0_10candles,-751.7705907643303,5998,0.49716572190730246,-0.1253368774198617,0.23291621494549458
865,(volume_multiply_upper_wick)_threshold_1.5_7candles,-760.9245822040739,11641,0.49969933854479853,-0.06536591205257915,0.22649781132797692
728,(volume_divide_body)_threshold_2.0_5candles,-766.8601083483481,7129,0.49796605414504136,-0.10756909922125799,0.22938403559090126
58,wick_ratio_decreasing_7candles,-768.1772861825921,7,0.14285714285714285,-109.73961231179887,0.12337248511491884
60,body_pct_increasing_7candles,-768.1772861825921,7,0.14285714285714285,-109.73961231179887,0.12337248511491884
931,(wick_ratio_ratio_change_upper_wick)_threshold_1.5_7candles,-768.3820805557407,20365,0.4981095015958753,-0.037730522001263964,0.24414011928329749
1039,(wick_ratio_ratio_change_upper_wick)_threshold_1.5_10candles,-768.4241164958748,20364,0.4980848556275781,-0.03773443903436824,0.24414011928329796
446,volume_decreasing_AND_lower_wick_decreasing_AND_wick_ratio_decreasing_5candles,-778.4676598294809,1,0.0,-778.4676598294809,0.0778467659829481
823,(wick_ratio_ratio_change_upper_wick)_threshold_1.5_5candles,-784.60961603953,20366,0.4980850437002848,-0.03852546479620593,0.2441401192832989
852,(volume_divide_wick_ratio)_threshold_1.0_7candles,-789.656803576434,12684,0.4943235572374645,-0.06225613399372706,0.17183635043997114
1023,(body_ratio_change_upper_wick)_threshold_3.0_10candles,-793.6507179497494,17701,0.4977119936726739,-0.04483649047792494,0.25103249854947934
807,(body_ratio_change_upper_wick)_threshold_3.0_5candles,-793.7555194340821,17702,0.49768387752796295,-0.044839877947920125,0.2510324985494708
915,(body_ratio_change_upper_wick)_threshold_3.0_7candles,-793.7555194340821,17702,0.49768387752796295,-0.044839877947920125,0.2510324985494708
920,(wick_ratio_multiply_upper_wick)_threshold_2.0_7candles,-794.8996463651147,8768,0.5011405109489051,-0.09065917499602129,0.25838472596533124
1036,(wick_ratio_divide_upper_wick)_threshold_5.0_10candles,-797.5121833729081,661,0.5158850226928896,-1.2065237267366236,0.1773780126100797
976,(volume_multiply_upper_wick)_threshold_5.0_10candles,-804.8295524142013,1688,0.5082938388625592,-0.47679475853921877,0.15176118902794566
75,open_increasing_10candles,-806.976229386617,79,0.45569620253164556,-10.214888979577431,0.13712430528825922
776,(body_multiply_wick_ratio)_threshold_2.0_5candles,-809.8080897518776,3588,0.5005574136008919,-0.22569902166997702,0.18800899561629877
886,(body_multiply_wick_ratio)_threshold_5.0_7candles,-816.9668417906505,16,0.375,-51.06042761191566,0.11779428189893633
1007,(body_multiply_upper_wick)_threshold_0.5_10candles,-819.2790641489482,24325,0.5004727646454266,-0.03368053706676046,0.24948606810509308
847,(volume_multiply_wick_ratio)_threshold_1.5_7candles,-821.6466303019843,10637,0.4913979505499671,-0.0772442070416456,0.22745795316149148
250,volume_reversal_after_5candles,-827.8933906228049,25451,0.5004911398373345,-0.03252891401606243,0.21453064932442334
832,(volume_multiply_body)_threshold_5.0_7candles,-836.32992471939,764,0.5052356020942408,-1.09467267633428,0.1955655592658359
1109,curr_wick_ratio_div_max_wick_ratio_5.0_7window,-844.4119130589588,9925,0.4957178841309824,-0.08507928595052482,0.1730695799851994
833,(volume_divide_body)_threshold_0.5_7candles,-848.5380622660359,25772,0.5026385224274407,-0.03292480452685224,0.19200185956769533
798,(body_divide_upper_wick)_threshold_1.0_5candles,-854.832793974676,6739,0.4976999554830093,-0.12684861165969372,0.17629257646523025
1118,curr_wick_ratio_div_max_wick_ratio_4.0_10window,-856.0817346269487,8855,0.4932806324110672,-0.09667777917865034,0.17498852471979118
3,high_increasing_5candles,-861.2293721373699,3201,0.5323336457357076,-0.26905010063647916,0.17432002393184404
99,close_increasing_12candles,-861.5365120443712,11,0.2727272727272727,-78.32150109494283,0.10523829288861705
923,(wick_ratio_divide_upper_wick)_threshold_0.5_7candles,-865.2340561464644,7608,0.4993427970557308,-0.11372687383628606,0.17719643107003497
723,(volume_multiply_body)_threshold_3.0_5candles,-870.154051091522,3167,0.49352699715819387,-0.27475656807436755,0.2781122407584407
1096,curr_volume_div_max_volume_4.0_5window,-887.576257914463,27648,0.49790219907407407,-0.03210272923591084,0.1930213262670917
849,(volume_multiply_wick_ratio)_threshold_3.0_7candles,-894.2435666196234,5141,0.49095506710756665,-0.17394350644225315,0.2113552395473436
966,(volume_ratio_change_wick_ratio)_threshold_1.0_10candles,-913.1053869586285,24534,0.4987772071411103,-0.037217958219557694,0.20507898729887625
750,(volume_ratio_change_wick_ratio)_threshold_1.0_5candles,-913.2088286177277,24535,0.4987568779294885,-0.037220657371825054,0.2050789872988773
858,(volume_ratio_change_wick_ratio)_threshold_1.0_7candles,-913.2088286177277,24535,0.4987568779294885,-0.037220657371825054,0.2050789872988773
758,(volume_multiply_upper_wick)_threshold_2.0_5candles,-918.2411450712516,8924,0.5105333930972658,-0.10289569084169112,0.22918590549567108
264,lower_wick_reversal_after_7candles,-925.7996505358897,23038,0.4970483548919177,-0.04018576484659648,0.21708454149155745
943,(volume_divide_body)_threshold_1.5_10candles,-927.6163944235668,8769,0.4982324096248147,-0.10578360068691604,0.16685883124986572
1049,wick_ratio_time_decay_0.5_7candles,-930.203830330529,7870,0.49224904701397715,-0.11819616649689059,0.24325967557070996
972,(volume_multiply_upper_wick)_threshold_1.0_10candles,-931.5885961164622,15427,0.4993193751215402,-0.060386892857746954,0.26525939963390793
725,(volume_divide_body)_threshold_0.5_5candles,-932.9699396207579,28293,0.49955819460643974,-0.032975292108322125,0.18162224171074914
1003,(body_ratio_change_wick_ratio)_threshold_1.5_10candles,-955.5216860023556,22257,0.5011457069685942,-0.042931288403754125,0.22912645117078556
851,(volume_divide_wick_ratio)_threshold_0.5_7candles,-965.8434166097395,19064,0.4980591691145615,-0.050663209012260776,0.20136734649628907
304,IF_body_increasing_5_THEN_lower_wick_decreasing,-967.771763093524,6,0.3333333333333333,-161.29529384892066,0.1410776822179387
48,body_increasing_7candles,-973.8709078651245,13,0.38461538461538464,-74.91314675885573,0.10719334454937322
907,(body_divide_upper_wick)_threshold_1.5_7candles,-977.8161238697103,3225,0.4989147286821705,-0.30319879809913497,0.18575478759268593
1064,body_time_decay_0.5_15candles,-983.7085064691091,4396,0.49545040946314833,-0.22377354560261808,0.22492247297351223
277,body_pct_reversal_after_10candles,-990.6756340684788,24638,0.5028005519928566,-0.040209255380650975,0.23398270562437157
276,wick_ratio_reversal_after_10candles,-1002.5365928615647,24624,0.5015025990903184,-0.04071379925526172,0.2773664923408343
964,(volume_divide_wick_ratio)_threshold_5.0_10candles,-1004.97970469547,1744,0.4908256880733945,-0.576249830674008,0.2181191518442564
944,(volume_divide_body)_threshold_2.0_10candles,-1009.935109793103,6279,0.49370918936136327,-0.16084330463339752,0.24921158729524134
720,(volume_multiply_body)_threshold_1.0_5candles,-1011.0720763522459,18144,0.49636243386243384,-0.05572487193299415,0.20369733099068407
284,IF_volume_increasing_5_THEN_wick_ratio_decreasing,-1018.6502173541794,5,0.4,-203.73004347083588,0.1625880238265353
817,(wick_ratio_divide_upper_wick)_threshold_1.5_5candles,-1038.4853746838653,5436,0.5003679175864606,-0.19103851631417684,0.22771421460268093
286,IF_volume_decreasing_5_THEN_wick_ratio_decreasing,-1042.1816151558105,6,0.16666666666666666,-173.69693585930176,0.10534749781788505
769,(volume_ratio_change_upper_wick)_threshold_1.5_5candles,-1047.4166300370562,20170,0.49895884977689636,-0.05192943133550105,0.20028497189781877
466,body_increasing_AND_lower_wick_decreasing_AND_wick_ratio_decreasing_5candles,-1048.520991800342,3,0.0,-349.5069972667807,0.1048520991800342
294,IF_volume_decreasing_5_THEN_lower_wick_decreasing,-1050.4011053849354,13,0.38461538461538464,-80.80008502961041,0.11774545163740528
790,(body_ratio_change_wick_ratio)_threshold_5.0_5candles,-1056.2309195861908,16137,0.5007746173390345,-0.06545398274686688,0.1911311306036084
898,(body_ratio_change_wick_ratio)_threshold_5.0_7candles,-1056.2309195861908,16137,0.5007746173390345,-0.06545398274686688,0.1911311306036084
458,body_increasing_AND_upper_wick_decreasing_AND_wick_ratio_decreasing_5candles,-1061.5356173210566,2,0.0,-530.7678086605283,0.10615356173210566
985,(volume_ratio_change_upper_wick)_threshold_1.5_10candles,-1064.0285912652616,20169,0.4989340076354802,-0.05275564436835052,0.20028497189782085
39,low_increasing_7candles,-1067.808554388428,1414,0.5162659123055162,-0.7551687089027073,0.17447466152573216
926,(wick_ratio_divide_upper_wick)_threshold_2.0_7candles,-1074.799128446528,2889,0.49255797853928696,-0.3720315432490578,0.2127418292925627
771,(volume_ratio_change_upper_wick)_threshold_3.0_5candles,-1076.83404969995,15064,0.48957780138077533,-0.07148393850902482,0.2820690761316098
879,(volume_ratio_change_upper_wick)_threshold_3.0_7candles,-1076.83404969995,15064,0.48957780138077533,-0.07148393850902482,0.2820690761316098
961,(volume_divide_wick_ratio)_threshold_1.5_10candles,-1084.0007735113886,7817,0.49776128949724957,-0.13867222380854402,0.2139687769301709
1091,curr_wick_ratio_div_max_wick_ratio_3.0_5window,-1094.236329825304,12028,0.5,-0.09097408794689923,0.2093908654331513
928,(wick_ratio_divide_upper_wick)_threshold_5.0_7candles,-1094.8500078272427,770,0.4935064935064935,-1.4218831270483672,0.18719399539866705
51,upper_wick_increasing_7candles,-1095.012394981799,6,0.3333333333333333,-182.5020658302998,0.1095012394981799
103,high_decreasing_12candles,-1109.6533488746954,80,0.4625,-13.870666860933692,0.32206509803639427
874,(volume_divide_upper_wick)_threshold_5.0_7candles,-1116.9627197281316,477,0.4779874213836478,-2.341640921861911,0.24066476120007851
138,low_increasing_15candles,-1126.8157587879832,7,0.42857142857142855,-160.97367982685475,0.1417440112107884
316,IF_upper_wick_increasing_5_THEN_lower_wick_decreasing,-1127.374437082959,3,0.3333333333333333,-375.791479027653,0.14252184130333095
1082,upper_wick_increasing_lower_wick_decreasing_5candles,-1127.374437082959,3,0.3333333333333333,-375.791479027653,0.14252184130333095
49,body_decreasing_7candles,-1133.1372806246818,9,0.3333333333333333,-125.90414229163132,0.17856749282780904
1073,volatility_expansion_10candles,-1138.114554895008,11148,0.5007176175098672,-0.10209136660342734,0.3234938649356204
275,lower_wick_reversal_after_10candles,-1141.5236422948456,23207,0.49907355539276943,-0.04918876383396585,0.3077572711766092
314,IF_wick_ratio_decreasing_5_THEN_lower_wick_decreasing,-1146.1192461413139,16,0.625,-71.63245288383212,0.14136734580076077
55,lower_wick_decreasing_7candles,-1149.336896977231,10,0.5,-114.9336896977231,0.16857774933025405
439,volume_increasing_AND_lower_wick_increasing_AND_wick_ratio_increasing_5candles,-1149.3595425987914,1,0.0,-1149.3595425987914,0.11493595425987914
797,(body_divide_upper_wick)_threshold_0.5_5candles,-1159.430137942085,9888,0.5004045307443366,-0.11725628417699079,0.16259726457313486
793,(body_multiply_upper_wick)_threshold_1.5_5candles,-1160.9161672580212,12722,0.4972488602421003,-0.09125264638091662,0.25145652599200874
1035,(wick_ratio_divide_upper_wick)_threshold_3.0_10candles,-1166.725593468931,1222,0.5180032733224222,-0.9547672614312038,0.2425920503127955
11,open_stable_5candles,-1168.745434340637,49453,0.4980284310355287,-0.023633458725267165,0.29937667093538944
765,(volume_divide_upper_wick)_threshold_3.0_5candles,-1171.7591662302875,1548,0.48320413436692505,-0.7569503657818395,0.20278477229256928
176,open_stable_20candles,-1191.1268597496037,49380,0.4972458485216687,-0.0241216456004375,0.21303347748951573
938,(volume_multiply_body)_threshold_2.0_10candles,-1196.4635990174138,7361,0.5021056921613911,-0.16254090463488843,0.31235025112091
721,(volume_multiply_body)_threshold_1.5_5candles,-1203.4827118325575,11885,0.49583508624316364,-0.1012606404570936,0.19798505099594435
986,(volume_ratio_change_upper_wick)_threshold_2.0_10candles,-1205.037121378613,17862,0.49288993393796887,-0.06746372866300598,0.20256067858310578
133,close_decreasing_15candles,-1212.8435153906412,2,0.5,-606.4217576953206,0.12183113345904052
142,open_decreasing_15candles,-1217.8555042464832,2,0.5,-608.9277521232416,0.12182653376562844
991,(body_multiply_wick_ratio)_threshold_1.5_10candles,-1220.0512429040973,10032,0.4953149920255183,-0.1216159532400416,0.22959638457158152
995,(body_divide_wick_ratio)_threshold_0.5_10candles,-1228.1476771582948,14411,0.5032960932620915,-0.0852229322849417,0.25930922287956376
285,IF_volume_decreasing_5_THEN_wick_ratio_increasing,-1248.4789657129713,6,0.3333333333333333,-208.07982761882855,0.13482977425686302
421,volume_decreasing_AND_body_decreasing_AND_wick_ratio_increasing_5candles,-1258.3701250616214,3,0.0,-419.4567083538738,0.12583701250616214
306,IF_body_decreasing_5_THEN_lower_wick_decreasing,-1265.6168319302305,2,0.5,-632.8084159651153,0.1348924807471525
763,(volume_divide_upper_wick)_threshold_1.5_5candles,-1269.9162880125514,4511,0.5018842828641099,-0.28151547063013777,0.2234967837881572
942,(volume_divide_body)_threshold_1.0_10candles,-1270.1807120777157,13339,0.4979383761901192,-0.09522308359530067,0.2730084456300688
799,(body_divide_upper_wick)_threshold_1.5_5candles,-1273.0513817123247,4929,0.49482653682288497,-0.25827782140643635,0.20689339461255268
1114,curr_volume_div_max_volume_2.0_10window,-1273.3588696006427,26978,0.4987767810808807,-0.0471998987916318,0.20876862011509095
1117,curr_volume_div_max_volume_3.0_10window,-1273.3588696006427,26978,0.4987767810808807,-0.0471998987916318,0.20876862011509095
1120,curr_volume_div_max_volume_4.0_10window,-1273.3588696006427,26978,0.4987767810808807,-0.0471998987916318,0.20876862011509095
1123,curr_volume_div_max_volume_5.0_10window,-1273.3588696006427,26978,0.4987767810808807,-0.0471998987916318,0.20876862011509095
838,(volume_divide_body)_threshold_5.0_7candles,-1277.0729638201792,1100,0.5136363636363637,-1.1609754216547084,0.19780052655301367
762,(volume_divide_upper_wick)_threshold_1.0_5candles,-1283.5536038627852,6895,0.5018129079042785,-0.186157157920636,0.2553060960291253
909,(body_divide_upper_wick)_threshold_3.0_7candles,-1285.500799524636,1505,0.5083056478405316,-0.8541533551658711,0.21978756103932134
939,(volume_multiply_body)_threshold_3.0_10candles,-1286.6425443626704,3932,0.4883011190233978,-0.3272234344767727,0.24890414718386267
738,(volume_multiply_wick_ratio)_threshold_1.0_5candles,-1293.0206747728462,16233,0.5012628596069735,-0.07965383322693563,0.24430554204496568
307,IF_wick_ratio_increasing_5_THEN_upper_wick_increasing,-1298.4189429064954,8,0.375,-162.30236786331193,0.1472813500184968
846,(volume_multiply_wick_ratio)_threshold_1.0_7candles,-1298.6797490800218,14390,0.4952744961779013,-0.09024876644058526,0.24203756214690011
989,(body_multiply_wick_ratio)_threshold_0.5_10candles,-1300.7366834968107,37132,0.49924593342669393,-0.035030073346353836,0.21691137548252137
293,IF_volume_decreasing_5_THEN_lower_wick_increasing,-1302.8290776197537,2,0.5,-651.4145388098768,0.17714095007190084
831,(volume_multiply_body)_threshold_3.0_7candles,-1303.8987370281047,3732,0.49758842443729906,-0.3493833700504032,0.24000865486596829
1102,curr_volume_div_max_volume_2.0_7window,-1305.5804714636306,27778,0.4963640290877673,-0.04700052096852295,0.27235291646448
1105,curr_volume_div_max_volume_3.0_7window,-1305.5804714636306,27778,0.4963640290877673,-0.04700052096852295,0.27235291646448
1108,curr_volume_div_max_volume_4.0_7window,-1305.5804714636306,27778,0.4963640290877673,-0.04700052096852295,0.27235291646448
1111,curr_volume_div_max_volume_5.0_7window,-1305.5804714636306,27778,0.4963640290877673,-0.04700052096852295,0.27235291646448
1122,curr_body_div_max_body_5.0_10window,-1306.7192182295566,25064,0.5060245770826683,-0.052135302355153075,0.24342379476703768
770,(volume_ratio_change_upper_wick)_threshold_2.0_5candles,-1319.5873180296694,17862,0.49641697458291345,-0.07387679532133408,0.2705604498994583
878,(volume_ratio_change_upper_wick)_threshold_2.0_7candles,-1319.5873180296694,17862,0.49641697458291345,-0.07387679532133408,0.2705604498994583
918,(wick_ratio_multiply_upper_wick)_threshold_1.0_7candles,-1320.313183175771,13437,0.4926694946788718,-0.09825952096269784,0.1819519676417994
889,(body_divide_wick_ratio)_threshold_1.5_7candles,-1330.2151556502831,9270,0.5036677454153182,-0.1434967805447986,0.26919873619891976
794,(body_multiply_upper_wick)_threshold_2.0_5candles,-1331.5492416014513,8922,0.4967496077112755,-0.1492433581709764,0.21786121061368421
1074,volatility_contraction_10candles,-1341.711073659042,5441,0.5022973718066532,-0.24659273546389304,0.2044235862876115
1057,body_time_decay_0.9_10candles,-1343.6492067952931,10404,0.4955786236063053,-0.12914736705068178,0.2181167004789436
1081,volatility_squeeze_20candles,-1343.9941574227323,689,0.49201741654571846,-1.9506446406715998,0.23389083076434855
101,close_stable_12candles,-1353.7854933991512,49419,0.4973390801108885,-0.027394028478907935,0.23159363057933535
420,volume_decreasing_AND_body_increasing_AND_wick_ratio_decreasing_5candles,-1355.3943015462446,2,0.5,-677.6971507731223,0.1948655027768641
9,open_increasing_5candles,-1371.6713315353281,2943,0.5375467210329595,-0.46607928356620054,0.20969097792589755
1054,volume_time_decay_0.9_10candles,-1375.0969939314964,8460,0.49444444444444446,-0.16254101583114614,0.20558637063400906
220,close_accelerating_10candles,-1380.325281414438,1,0.0,-1380.325281414438,0.1380325281414438
977,(volume_divide_upper_wick)_threshold_0.5_10candles,-1380.5208139219776,4466,0.4961934617107031,-0.30911796102149075,0.22989369654759081
141,open_increasing_15candles,-1388.3167513316112,1,0.0,-1388.3167513316112,0.1388316751331611
274,upper_wick_reversal_after_10candles,-1389.9524526643345,22738,0.4992083736476383,-0.06112905500326917,0.2900760803406476
815,(wick_ratio_divide_upper_wick)_threshold_0.5_5candles,-1396.2820133253645,11216,0.49625534950071326,-0.12449019377009313,0.20560428596934247
979,(volume_divide_upper_wick)_threshold_1.5_10candles,-1397.1785092196696,1772,0.4983069977426637,-0.7884754566702424,0.31473392661908844
310,IF_wick_ratio_decreasing_5_THEN_upper_wick_decreasing,-1404.194824788423,19,0.3684210526315789,-73.90499077833805,0.1858972093259829
810,(wick_ratio_multiply_upper_wick)_threshold_1.0_5candles,-1405.1861609724292,15231,0.49740660495043004,-0.09225829958455972,0.19025004481705632
1090,curr_volume_div_max_volume_2.0_5window,-1414.331291479728,27648,0.4966362847222222,-0.05115492229021007,0.2184250677866309
998,(body_divide_wick_ratio)_threshold_2.0_10candles,-1440.0666332988858,6201,0.49798419609740363,-0.2322313551522151,0.24239241160291197
987,(volume_ratio_change_upper_wick)_threshold_3.0_10candles,-1444.3026461390928,15063,0.4894111398791741,-0.09588412973106902,0.23562234837719417
296,IF_body_increasing_5_THEN_wick_ratio_decreasing,-1448.5315841894608,96,0.5104166666666666,-15.088870668640217,0.18441777560417766
268,close_reversal_after_10candles,-1450.483643141204,25033,0.4939080413853713,-0.057942861148931574,0.2326322761589997
1095,curr_body_div_max_body_4.0_5window,-1452.0923000413386,25837,0.5057475713124588,-0.05620204745292946,0.2995184025866008
64,range_decreasing_7candles,-1455.3891810690347,18,0.4444444444444444,-80.85495450383526,0.15661596840046157
877,(volume_ratio_change_upper_wick)_threshold_1.5_7candles,-1456.5631628568244,20169,0.4922901482473102,-0.0722179167463347,0.25816583276693067
1006,(body_ratio_change_wick_ratio)_threshold_5.0_10candles,-1464.1089731390275,16136,0.500805651958354,-0.09073555857331603,0.2394915360750825
968,(volume_ratio_change_wick_ratio)_threshold_2.0_10candles,-1464.4565295019402,19208,0.49927113702623904,-0.07624201007402853,0.2186042192068796
752,(volume_ratio_change_wick_ratio)_threshold_2.0_5candles,-1464.5536947950495,19209,0.49924514550471133,-0.07624309931777029,0.21860421920688095
860,(volume_ratio_change_wick_ratio)_threshold_2.0_7candles,-1464.5536947950495,19209,0.49924514550471133,-0.07624309931777029,0.21860421920688095
1,close_decreasing_5candles,-1465.0606837113828,2832,0.4646892655367232,-0.5173236877511945,0.21342747011458194
309,IF_wick_ratio_decreasing_5_THEN_upper_wick_increasing,-1482.963132294486,1,0.0,-1482.963132294486,0.1482963132294486
456,body_increasing_AND_upper_wick_increasing_AND_wick_ratio_decreasing_5candles,-1482.963132294486,1,0.0,-1482.963132294486,0.1482963132294486
1072,volatility_squeeze_5candles,-1492.9769376413224,2558,0.48944487881157156,-0.5836500929012206,0.22961849459060257
270,low_reversal_after_10candles,-1497.474245080104,25053,0.49443180457430247,-0.05977225262763358,0.20908595911457736
853,(volume_divide_wick_ratio)_threshold_1.5_7candles,-1503.4638246781742,9255,0.4972447325769854,-0.16244881952222304,0.2502962050100715
71,high_stable_10candles,-1515.196650780732,49441,0.5017697862098258,-0.030646561574012094,0.2484469905662024
201,body_decelerating_5candles,-1515.5207880133948,572,0.5087412587412588,-2.6495118671562845,0.24754642182114486
759,(volume_multiply_upper_wick)_threshold_3.0_5candles,-1516.5332841965046,4289,0.4996502681277687,-0.3535866831887397,0.286277567406359
1011,(body_multiply_upper_wick)_threshold_3.0_10candles,-1520.948211995188,4361,0.5170832377894978,-0.3487613418929576,0.26033831205765023
1046,body_time_decay_0.5_7candles,-1524.4764192069433,4365,0.49095074455899196,-0.3492500387644773,0.2944541282100125
973,(volume_multiply_upper_wick)_threshold_1.5_10candles,-1524.7046515313468,10924,0.5027462467960454,-0.13957384213944954,0.24535810455664736
963,(volume_divide_wick_ratio)_threshold_3.0_10candles,-1525.660113274187,3790,0.49973614775725594,-0.40254884255255596,0.20843950071917705
248,low_reversal_after_5candles,-1528.4845001426293,25078,0.49848472764973284,-0.060949218444159396,0.2136986094988007
302,IF_body_decreasing_5_THEN_upper_wick_decreasing,-1528.6298989846673,2,0.0,-764.3149494923337,0.15286298989846672
818,(wick_ratio_divide_upper_wick)_threshold_2.0_5candles,-1536.1814888364024,4098,0.5078086871644705,-0.37486127106793615,0.2053560891981398
249,open_reversal_after_5candles,-1548.6604842321722,25112,0.4974514176489328,-0.061670137154833236,0.2189743042175232
774,(body_multiply_wick_ratio)_threshold_1.0_5candles,-1554.7904239426916,22251,0.49629230146959685,-0.06987508084772333,0.29536015013901706
787,(body_ratio_change_wick_ratio)_threshold_1.5_5candles,-1559.1551453367138,22258,0.5013927576601671,-0.07004920232440982,0.25696468710916937
895,(body_ratio_change_wick_ratio)_threshold_1.5_7candles,-1559.1551453367138,22258,0.5013927576601671,-0.07004920232440982,0.25696468710916937
1079,volatility_expansion_20candles,-1574.8807908589588,9517,0.5124514027529684,-0.16548080181348732,0.2831949293729305
1031,(wick_ratio_divide_upper_wick)_threshold_0.5_10candles,-1581.007324734519,4590,0.4934640522875817,-0.3444460402471719,0.29466230361614615
1075,volatility_squeeze_10candles,-1581.7430514175794,938,0.5085287846481876,-1.6862932317884642,0.3044033218994895
1052,volume_time_decay_0.5_10candles,-1586.394328323062,3220,0.4934782608695652,-0.4926690460630627,0.3192043625029071
40,low_decreasing_7candles,-1595.6213366861266,697,0.4619799139167862,-2.2892702104535534,0.24195157934196823
77,open_stable_10candles,-1610.546798706513,49430,0.4972081731741857,-0.032582375049696806,0.23470092638380446
1018,(body_divide_upper_wick)_threshold_5.0_10candles,-1629.9336674864044,447,0.5100671140939598,-3.646384043593746,0.3040291102487025
1053,volume_time_decay_0.7_10candles,-1635.0493945097733,6463,0.4912579297539842,-0.25298613561964617,0.2691058688484092
1065,body_time_decay_0.7_15candles,-1651.5125069882124,8440,0.489218009478673,-0.19567683732087826,0.2792456771788029
1033,(wick_ratio_divide_upper_wick)_threshold_1.5_10candles,-1652.773854827894,2231,0.4957418198117436,-0.7408219878206607,0.29278202348268895
792,(body_multiply_upper_wick)_threshold_1.0_5candles,-1653.4785966340169,18128,0.503364960282436,-0.09121130828740164,0.3011097830697189
1032,(wick_ratio_divide_upper_wick)_threshold_1.0_10candles,-1657.6445768457233,3014,0.5016589250165893,-0.5499816114285745,0.306233287798024
167,close_stable_20candles,-1681.2212291114593,49380,0.4971850951802349,-0.03404660245264195,0.26491447558778664
921,(wick_ratio_multiply_upper_wick)_threshold_3.0_7candles,-1683.2049092046145,6104,0.49311926605504586,-0.2757544084542291,0.24112635576489422
800,(body_divide_upper_wick)_threshold_2.0_5candles,-1686.1884322264414,3672,0.4970043572984749,-0.4592016427631921,0.2406014745049335
900,(body_multiply_upper_wick)_threshold_1.0_7candles,-1696.5454298663917,17129,0.5037655438145835,-0.09904521162160031,0.21184760681516718
1028,(wick_ratio_multiply_upper_wick)_threshold_2.0_10candles,-1702.3923563175795,7743,0.4968358517370528,-0.21986211498354377,0.23753776901381923
1043,volume_time_decay_0.5_7candles,-1702.7168813881199,3192,0.4899749373433584,-0.5334326069511653,0.21930744617991818
930,(wick_ratio_ratio_change_upper_wick)_threshold_1.0_7candles,-1721.037997333935,23155,0.49220470740660766,-0.07432684073996697,0.2653963691418995
1038,(wick_ratio_ratio_change_upper_wick)_threshold_1.0_10candles,-1721.0756953795553,23154,0.4921827761941781,-0.07433167899194762,0.26539636914190967
822,(wick_ratio_ratio_change_upper_wick)_threshold_1.0_5candles,-1735.5909338658657,23156,0.49218345137329417,-0.07495210458912877,0.2653963691419021
990,(body_multiply_wick_ratio)_threshold_1.0_10candles,-1737.9053195690612,21585,0.4972434561037758,-0.08051449245165908,0.20399623648229145
266,body_pct_reversal_after_7candles,-1738.1001182820637,24655,0.4987629284120868,-0.07049686141886286,0.3233541029159339
958,(volume_multiply_wick_ratio)_threshold_5.0_10candles,-1740.0290303241509,2473,0.49211484027496966,-0.7036106066818241,0.267640262182826
814,(wick_ratio_multiply_upper_wick)_threshold_5.0_5candles,-1747.9598004567106,3,0.0,-582.6532668189035,0.17479598004567107
996,(body_divide_wick_ratio)_threshold_1.0_10candles,-1748.1940034206928,10080,0.49811507936507937,-0.1734319447837989,0.27500766051760667
105,low_increasing_12candles,-1749.59927194408,58,0.5517241379310345,-30.165504688691037,0.23627246086585738
884,(body_multiply_wick_ratio)_threshold_2.0_7candles,-1753.3787163050292,3912,0.49642126789366053,-0.4482051933295064,0.25529523475379384
108,open_increasing_12candles,-1761.9489237163325,14,0.42857142857142855,-125.8534945511666,0.17619489237163324
45,volume_increasing_7candles,-1766.8400774337915,24,0.4166666666666667,-73.61833655974131,0.23458646286355933
204,close_accelerating_5candles,-1769.6694236187504,2059,0.505099562894609,-0.8594800503247938,0.1976122985940837
317,IF_upper_wick_decreasing_5_THEN_lower_wick_increasing,-1778.1004021934004,6,0.5,-296.3500670322334,0.21501094842977322
1083,upper_wick_decreasing_lower_wick_increasing_5candles,-1778.1004021934004,6,0.5,-296.3500670322334,0.21501094842977322
258,high_reversal_after_7candles,-1785.8228670278804,25032,0.49840204538191113,-0.07134159743639663,0.29083714194894145
263,upper_wick_reversal_after_7candles,-1786.2625683739516,22850,0.5035010940919037,-0.07817341655903508,0.3030329860431859
42,open_increasing_7candles,-1791.6050809455028,702,0.5170940170940171,-2.5521439899508587,0.19956344244855762
283,IF_volume_increasing_5_THEN_wick_ratio_increasing,-1795.6671727746416,4,0.25,-448.9167931936604,0.17956671727746415
982,(volume_divide_upper_wick)_threshold_5.0_10candles,-1796.0885627815442,387,0.4599483204134367,-4.641055717781768,0.21274789347160103
980,(volume_divide_upper_wick)_threshold_2.0_10candles,-1799.7139347840202,1287,0.5034965034965035,-1.3983791257063094,0.24765644410780166
212,close_accelerating_7candles,-1805.1686215045993,65,0.5230769230769231,-27.771824946224605,0.22062118564214647
902,(body_multiply_upper_wick)_threshold_2.0_7candles,-1806.7937070637763,8495,0.499941141848146,-0.21268907675853752,0.28230630555791625
764,(volume_divide_upper_wick)_threshold_2.0_5candles,-1807.0000405371247,3120,0.4971153846153846,-0.5791666796593349,0.22762976853082512
273,body_reversal_after_10candles,-1820.501403652348,24666,0.4967161274629044,-0.07380610571849298,0.25000020754358604
856,(volume_divide_wick_ratio)_threshold_5.0_7candles,-1824.3133503164854,1421,0.4897959183673469,-1.283823610356429,0.26655178196217005
110,open_stable_12candles,-1824.4157460382949,49419,0.4975819016977276,-0.036917293875600374,0.20241555328541183
945,(volume_divide_body)_threshold_3.0_10candles,-1830.2717954193295,3696,0.4981060606060606,-0.4952034078515502,0.29282834272917385
202,wick_ratio_accelerating_5candles,-1861.240273084618,3134,0.4881940012763242,-0.5938864942835411,0.23190416588173862
1045,volume_time_decay_0.9_7candles,-1865.5172130765868,8397,0.4945813981183756,-0.22216472705449408,0.3529484656974908
791,(body_multiply_upper_wick)_threshold_0.5_5candles,-1871.0736180431268,26127,0.4986029777624679,-0.07161456034152895,0.31894349269030275
0,close_increasing_5candles,-1874.4796442061543,2895,0.5302245250431779,-0.6474886508484126,0.2664938974471222
1063,volume_time_decay_0.9_15candles,-1877.1767667661497,8360,0.49473684210526314,-0.2245426754504964,0.28365617330203985
210,wick_ratio_accelerating_7candles,-1884.43485674375,107,0.4766355140186916,-17.61154071723131,0.2586489255377192
336,IF_body_increasing_7_THEN_wick_ratio_decreasing,-1909.032804196092,2,0.0,-954.516402098046,0.1909032804196092
1017,(body_divide_upper_wick)_threshold_3.0_10candles,-1916.2272352919854,912,0.5153508771929824,-2.101126354486826,0.23737488655670733
428,volume_decreasing_AND_upper_wick_increasing_AND_lower_wick_decreasing_5candles,-1919.0263887215333,1,0.0,-1919.0263887215333,0.19190263887215334
971,(volume_multiply_upper_wick)_threshold_0.5_10candles,-1920.4923152040865,23249,0.5005376575336573,-0.08260537292804364,0.3031236715279105
257,close_reversal_after_7candles,-1932.8196763545802,24950,0.4981563126252505,-0.07746772249918157,0.272895433909165
782,(body_divide_wick_ratio)_threshold_2.0_5candles,-1952.4802263998563,8686,0.5028781947962238,-0.224784737094158,0.26660843473915025
855,(volume_divide_wick_ratio)_threshold_3.0_7candles,-1953.0167835375478,4162,0.5004805382027872,-0.46924958758710905,0.26315240724586325
795,(body_multiply_upper_wick)_threshold_3.0_5candles,-1956.1579204098953,3985,0.49711417816813047,-0.49088028115681187,0.2698293587696463
1080,volatility_contraction_20candles,-1962.5076212161657,3734,0.48928762720942687,-0.5255778310702104,0.29122335934797294
139,low_decreasing_15candles,-1964.3220885285746,1,0.0,-1964.3220885285746,0.19643220885285745
1005,(body_ratio_change_wick_ratio)_threshold_3.0_10candles,-1971.271147115388,18624,0.5014497422680413,-0.1058457445830857,0.25813161222382147
318,IF_upper_wick_decreasing_5_THEN_lower_wick_decreasing,-1973.6306594281177,3,0.0,-657.8768864760392,0.19736306594281178
200,body_accelerating_5candles,-1992.242263472809,1992,0.4879518072289157,-1.0001216182092416,0.25390297697486397
994,(body_multiply_wick_ratio)_threshold_5.0_10candles,-1992.5830096814352,41,0.3902439024390244,-48.59958560198623,0.24221794089253165
933,(wick_ratio_ratio_change_upper_wick)_threshold_3.0_7candles,-2000.8704370462629,15982,0.49524465023151043,-0.1251952469682307,0.22173341287929116
1041,(wick_ratio_ratio_change_upper_wick)_threshold_3.0_10candles,-2000.906860881625,15981,0.4952130655152994,-0.12520536017030381,0.22173341287928175
1115,curr_wick_ratio_div_max_wick_ratio_3.0_10window,-2018.703850511114,9009,0.4963924963924964,-0.22407635148308513,0.25023606811856186
777,(body_multiply_wick_ratio)_threshold_3.0_5candles,-2020.6242205111894,418,0.5143540669856459,-4.834029235672702,0.21572966390747267
259,low_reversal_after_7candles,-2033.1264465124577,25070,0.4952134024730754,-0.0810979835066796,0.2613214817374077
57,wick_ratio_increasing_7candles,-2041.6170796495235,9,0.3333333333333333,-226.8463421832804,0.22063649305215788
61,body_pct_decreasing_7candles,-2041.6170796495235,9,0.3333333333333333,-226.8463421832804,0.22063649305215788
10,open_decreasing_5candles,-2044.1865507164084,2900,0.4593103448275862,-0.7048919140401408,0.2922236908635543
969,(volume_ratio_change_wick_ratio)_threshold_3.0_10candles,-2047.181800629809,16330,0.49748928352725047,-0.12536324559888604,0.28866389908244927
988,(volume_ratio_change_upper_wick)_threshold_5.0_10candles,-2055.6603197977265,12316,0.48489769405651184,-0.16690973691115024,0.23793930015141496
1047,body_time_decay_0.7_7candles,-2064.119534010577,8431,0.4929427114221326,-0.24482499513824896,0.25501710299225555
52,upper_wick_decreasing_7candles,-2076.4103594700673,9,0.3333333333333333,-230.71226216334082,0.21520886190854666
754,(volume_ratio_change_wick_ratio)_threshold_5.0_5candles,-2082.479786691657,12986,0.5023101801940552,-0.1603634519245077,0.38056295403415447
862,(volume_ratio_change_wick_ratio)_threshold_5.0_7candles,-2082.479786691657,12986,0.5023101801940552,-0.1603634519245077,0.38056295403415447
1078,volatility_squeeze_15candles,-2084.749466008817,716,0.49860335195530725,-2.9116612653754426,0.23326079010048664
269,high_reversal_after_10candles,-2089.9775146993925,25075,0.49332003988035894,-0.08334905342769262,0.28875275322565624
868,(volume_multiply_upper_wick)_threshold_5.0_7candles,-2098.471427863554,1151,0.4952215464813206,-1.8231723960586914,0.3105238390184231
919,(wick_ratio_multiply_upper_wick)_threshold_1.5_7candles,-2107.6227822662404,10698,0.4973826883529632,-0.19701091627091422,0.27105431469981095
297,IF_body_decreasing_5_THEN_wick_ratio_increasing,-2121.393156421974,99,0.4444444444444444,-21.428213701232057,0.2511282972824138
788,(body_ratio_change_wick_ratio)_threshold_2.0_5candles,-2121.7344715192703,20726,0.49995175142333304,-0.10237066831608947,0.29361689060107177
896,(body_ratio_change_wick_ratio)_threshold_2.0_7candles,-2121.7344715192703,20726,0.49995175142333304,-0.10237066831608947,0.29361689060107177
925,(wick_ratio_divide_upper_wick)_threshold_1.5_7candles,-2125.3295997717487,3686,0.49538795442213784,-0.5765951165956996,0.2824006038198513
272,volume_reversal_after_10candles,-2127.498708037272,25864,0.4940844416950201,-0.08225714151087504,0.280165528687071
54,lower_wick_increasing_7candles,-2136.2580411679373,5,0.2,-427.2516082335875,0.23145562876364928
255,body_pct_reversal_after_5candles,-2147.6671775960194,24631,0.500872883764362,-0.08719366560821808,0.3687544427155628
209,body_decelerating_7candles,-2169.9245868515018,2,0.0,-1084.9622934257509,0.21699245868515019
37,high_decreasing_7candles,-2171.00437281254,1378,0.4934687953555878,-1.5754748714169378,0.2824781740427216
330,IF_volume_decreasing_7_THEN_upper_wick_decreasing,-2179.6178433078276,1,0.0,-2179.6178433078276,0.21796178433078275
755,(volume_multiply_upper_wick)_threshold_0.5_5candles,-2202.2148769462265,25633,0.500097530527055,-0.08591327105474297,0.30246848105485635
959,(volume_divide_wick_ratio)_threshold_0.5_10candles,-2206.5795454526333,16466,0.49665978379691483,-0.13400823183849345,0.2667053688670399
207,volume_decelerating_7candles,-2206.6781211484686,4,0.5,-551.6695302871171,0.2680121014282738
1104,curr_body_div_max_body_3.0_7window,-2207.7386958688594,25718,0.49957228400342174,-0.08584410513526944,0.2825655827838312
337,IF_body_decreasing_7_THEN_wick_ratio_increasing,-2219.4300776618384,1,0.0,-2219.4300776618384,0.22194300776618384
820,(wick_ratio_divide_upper_wick)_threshold_5.0_5candles,-2222.4835165197865,11,0.36363636363636365,-202.04395604725332,0.2562684054459643
417,volume_increasing_AND_body_decreasing_AND_wick_ratio_increasing_5candles,-2229.851071373123,1,0.0,-2229.851071373123,0.2229851071373123
953,(volume_multiply_wick_ratio)_threshold_0.5_10candles,-2243.1437126485107,19089,0.4945780292314946,-0.1175097549713715,0.3086134075409552
256,range_reversal_after_5candles,-2260.469822020217,25175,0.4964051638530288,-0.08979026105343464,0.28283935500885393
734,(volume_ratio_change_body)_threshold_2.0_5candles,-2262.8175613688845,15846,0.5008203963145273,-0.14280055290728794,0.3137338520591105
74,low_stable_10candles,-2271.2650131387663,49428,0.5020636076717649,-0.04595097946788797,0.25555306643250897
107,low_stable_12candles,-2273.8349108015345,49415,0.4989173327936861,-0.0460150745887187,0.30538297404883114
826,(wick_ratio_ratio_change_upper_wick)_threshold_5.0_5candles,-2281.8949173534875,13348,0.49730296673658975,-0.17095406932525378,0.38476619780600907
829,(volume_multiply_body)_threshold_1.5_7candles,-2282.7684947778507,11074,0.4938594906989344,-0.20613766432886496,0.33922379575348954
1029,(wick_ratio_multiply_upper_wick)_threshold_3.0_10candles,-2289.6536092562956,5540,0.4868231046931408,-0.41329487531702086,0.34116918905921106
1061,volume_time_decay_0.5_15candles,-2294.4704544849947,3221,0.4939459795094691,-0.7123472382753787,0.30743182920142303
198,volume_accelerating_5candles,-2295.43773962012,2645,0.49792060491493384,-0.8678403552439017,0.3251752913381199
1042,(wick_ratio_ratio_change_upper_wick)_threshold_5.0_10candles,-2296.2513220493256,13347,0.497265303064359,-0.17204250558547432,0.3847661978060097
354,IF_wick_ratio_decreasing_7_THEN_lower_wick_decreasing,-2296.364367353972,1,0.0,-2296.364367353972,0.2296364367353972
430,volume_decreasing_AND_upper_wick_decreasing_AND_lower_wick_decreasing_5candles,-2302.712827740719,1,0.0,-2302.712827740719,0.2302712827740719
735,(volume_ratio_change_body)_threshold_3.0_5candles,-2303.3862317677267,11589,0.4957287082578307,-0.19875625435911007,0.2676798491091238
951,(volume_ratio_change_body)_threshold_3.0_10candles,-2317.70266058821,11588,0.49568519157749397,-0.20000885921541336,0.2676798491091289
31,range_decreasing_5candles,-2334.8913558783897,635,0.4881889763779528,-3.6769942612258104,0.26312826202988077
892,(body_divide_wick_ratio)_threshold_5.0_7candles,-2338.6589401827987,1926,0.4968847352024922,-1.2142569782880575,0.3139376135478933
1014,(body_divide_upper_wick)_threshold_1.0_10candles,-2340.1217664604183,2525,0.5005940594059406,-0.9267808976080865,0.34367676290573274
143,open_stable_15candles,-2342.7557549894864,49408,0.49637710492227977,-0.04741652677682737,0.3519012984249671
96,range_increasing_10candles,-2367.9550617036675,1,0.0,-2367.9550617036675,0.23679550617036677
873,(volume_divide_upper_wick)_threshold_3.0_7candles,-2377.0811640257816,1281,0.49414519906323184,-1.8556449367882761,0.28800923176683985
69,high_increasing_10candles,-2383.597932419414,95,0.47368421052631576,-25.090504551783305,0.3401775714116211
299,IF_body_increasing_5_THEN_upper_wick_increasing,-2385.5695524834964,2,0.0,-1192.7847762417482,0.23855695524834963
757,(volume_multiply_upper_wick)_threshold_1.5_5candles,-2387.8800023191807,12508,0.5023185161496642,-0.19090821892542217,0.31445752837587654
1077,volatility_contraction_15candles,-2389.196566266877,4265,0.4937866354044549,-0.5601867681751177,0.2590024733336849
1009,(body_multiply_upper_wick)_threshold_1.5_10candles,-2390.172947637251,11453,0.5062429057888763,-0.2086940493876933,0.27185284558951467
1010,(body_multiply_upper_wick)_threshold_2.0_10candles,-2391.9699806889585,8171,0.5061803940766124,-0.29273895247692555,0.28539316900730927
937,(volume_multiply_body)_threshold_1.5_10candles,-2408.600297863675,10425,0.4896882494004796,-0.2310407959581463,0.31133184482126336
881,(body_multiply_wick_ratio)_threshold_0.5_7candles,-2413.2343907917066,37566,0.4971516797103764,-0.06423985494307902,0.2772035990932746
282,IF_volume_decreasing_5_THEN_body_decreasing,-2430.2267338993406,21,0.3333333333333333,-115.72508256663527,0.3167601300637687
955,(volume_multiply_wick_ratio)_threshold_1.5_10candles,-2447.540421554595,9422,0.4957546168541711,-0.25976867136007165,0.3805942635887438
22,lower_wick_decreasing_5candles,-2458.689100537711,358,0.4776536312849162,-6.867846649546679,0.387068168932705
312,IF_wick_ratio_increasing_5_THEN_lower_wick_decreasing,-2460.7546440150545,1,0.0,-2460.7546440150545,0.24607546440150546
469,body_decreasing_AND_lower_wick_decreasing_AND_wick_ratio_increasing_5candles,-2460.7546440150545,1,0.0,-2460.7546440150545,0.24607546440150546
1013,(body_divide_upper_wick)_threshold_0.5_10candles,-2468.6907555411135,3943,0.4935328430129343,-0.6260945360236149,0.29465110461418126
783,(body_divide_wick_ratio)_threshold_3.0_5candles,-2476.6580666397404,5309,0.5021661329817292,-0.4665018019664231,0.2680049625308197
992,(body_multiply_wick_ratio)_threshold_2.0_10candles,-2489.013871423763,4188,0.48447946513849094,-0.594320408649418,0.36665907735836484
68,close_stable_10candles,-2496.9340987954965,49431,0.5000708057696587,-0.05051352590065943,0.26328991294669435
906,(body_divide_upper_wick)_threshold_1.0_7candles,-2501.1339876663305,4394,0.4984069185252617,-0.5692157459413588,0.3960928373652742
208,body_accelerating_7candles,-2507.701325161639,44,0.5454545454545454,-56.99321193549179,0.2851043560045427
845,(volume_multiply_wick_ratio)_threshold_0.5_7candles,-2514.5759860704084,21216,0.49868024132730016,-0.11852262377782845,0.32733577512250045
478,upper_wick_decreasing_AND_lower_wick_decreasing_AND_wick_ratio_decreasing_5candles,-2530.1016941601047,1,0.0,-2530.1016941601047,0.25301016941601046
870,(volume_divide_upper_wick)_threshold_1.0_7candles,-2535.96423300103,4517,0.49811822005756035,-0.561426662165382,0.31435046590090354
811,(wick_ratio_multiply_upper_wick)_threshold_1.5_5candles,-2543.935866662443,12229,0.4937443781175893,-0.20802484803846946,0.3417964226997567
1092,curr_body_div_max_body_3.0_5window,-2553.122963555339,25495,0.5022945675622671,-0.10014210486586934,0.2979635610687181
722,(volume_multiply_body)_threshold_2.0_5candles,-2562.710314451432,7855,0.4898790579248886,-0.32625210877803085,0.3386228035143001
954,(volume_multiply_wick_ratio)_threshold_1.0_10candles,-2565.3420206624924,12694,0.49149204348511105,-0.20209091071864602,0.3320948092765934
899,(body_multiply_upper_wick)_threshold_0.5_7candles,-2571.7091986862415,25143,0.5011335162868393,-0.10228330742895603,0.3277805479138862
905,(body_divide_upper_wick)_threshold_0.5_7candles,-2579.6741272232102,6641,0.49736485469055863,-0.3884466386422542,0.29597275385965455
35,close_stable_7candles,-2609.4202595046218,49446,0.4960765279294584,-0.05277313148696804,0.3648404144723169
136,high_decreasing_15candles,-2610.591073505756,19,0.42105263157894735,-137.39953018451348,0.26227467943322347
978,(volume_divide_upper_wick)_threshold_1.0_10candles,-2630.2363630762075,2619,0.49980908743795344,-1.0042903257259288,0.31284035165506036
719,(volume_multiply_body)_threshold_0.5_5candles,-2631.4755161512376,28470,0.4973305233579206,-0.09242976874433571,0.35383205449638766
13,volume_decreasing_5candles,-2635.4958553719243,751,0.4966711051930759,-3.5093153866470366,0.2841019175484084
867,(volume_multiply_upper_wick)_threshold_3.0_7candles,-2643.5320476883126,4554,0.5054896794027229,-0.5804857373052948,0.32066918632246844
260,open_reversal_after_7candles,-2671.8382720218724,24922,0.49743198780194203,-0.10720801990297217,0.2855092472066575
104,high_stable_12candles,-2672.635418575237,49430,0.49662148492818126,-0.05406909606666472,0.33850382626509296
1020,(body_ratio_change_upper_wick)_threshold_1.0_10candles,-2678.4014486968863,23597,0.4969275755392635,-0.11350601553997908,0.3694894557866542
804,(body_ratio_change_upper_wick)_threshold_1.0_5candles,-2678.484794915261,23598,0.4969065175014832,-0.11350473747416141,0.36948945578666254
912,(body_ratio_change_upper_wick)_threshold_1.0_7candles,-2678.484794915261,23598,0.4969065175014832,-0.11350473747416141,0.36948945578666254
18,upper_wick_increasing_5candles,-2680.3410095786567,278,0.5035971223021583,-9.641514422944809,0.3106601558043249
901,(body_multiply_upper_wick)_threshold_1.5_7candles,-2681.57911431503,11972,0.4984129635816906,-0.22398756384188356,0.4128275276033529
813,(wick_ratio_multiply_upper_wick)_threshold_3.0_5candles,-2699.804186616244,6552,0.4905372405372405,-0.41205802604033026,0.2878263402622195
1048,body_time_decay_0.9_7candles,-2782.846687301656,10404,0.4952902729719339,-0.2674785358805898,0.3259555869375788
891,(body_divide_wick_ratio)_threshold_3.0_7candles,-2789.5582160825106,4876,0.5,-0.5720997161777093,0.3406729137339776
14,volume_stable_5candles,-2792.2738127736593,1,0.0,-2792.2738127736593,0.2792273812773659
1026,(wick_ratio_multiply_upper_wick)_threshold_1.0_10candles,-2811.6384022332304,11895,0.4962589323245061,-0.2363714503769004,0.32992279849456396
808,(body_ratio_change_upper_wick)_threshold_5.0_5candles,-2859.4238258148616,15382,0.4890131322324795,-0.18589415068358223,0.34522322270976896
916,(body_ratio_change_upper_wick)_threshold_5.0_7candles,-2859.4238258148616,15382,0.4890131322324795,-0.18589415068358223,0.34522322270976896
251,body_reversal_after_5candles,-2900.635397011524,24759,0.49804111636172704,-0.11715478803713898,0.30416171585676893
850,(volume_multiply_wick_ratio)_threshold_5.0_7candles,-2930.5859570190687,1978,0.4903943377148635,-1.4815904737204595,0.3467187018868929
1059,wick_ratio_time_decay_0.7_10candles,-2963.2226111956934,8909,0.489841733078909,-0.33261001360373704,0.3315305938888477
300,IF_body_increasing_5_THEN_upper_wick_decreasing,-2970.187546852423,5,0.2,-594.0375093704846,0.30087723752869594
1066,body_time_decay_0.9_15candles,-2972.82799412663,10371,0.49127374409410857,-0.2866481529386395,0.34924892410257835
290,IF_volume_decreasing_5_THEN_upper_wick_decreasing,-3011.2536415482164,10,0.4,-301.1253641548216,0.31095860015283794
34,close_decreasing_7candles,-3015.2197206934925,612,0.477124183006536,-4.926829608976295,0.32834720337747136
1076,volatility_expansion_15candles,-3032.6946736746104,10105,0.49866402770905494,-0.3001182259945186,0.3682600725202451
882,(body_multiply_wick_ratio)_threshold_1.0_7candles,-3043.9077955645116,21915,0.4944558521560575,-0.13889608923406396,0.3548313566634385
946,(volume_divide_body)_threshold_5.0_10candles,-3046.1617341763313,1574,0.4949174078780178,-1.9352997040510365,0.3415986941508965
63,range_increasing_7candles,-3053.8298649973394,17,0.23529411764705882,-179.63705088219643,0.34460791523218504
869,(volume_divide_upper_wick)_threshold_0.5_7candles,-3067.1953471688103,7581,0.4903047091412742,-0.4045898096779858,0.34411239637503027
1098,curr_body_div_max_body_5.0_5window,-3083.5945706778093,25252,0.49877237446538886,-0.12211288494684815,0.31408351123513345
170,high_stable_20candles,-3096.253101321875,49399,0.4990991720480172,-0.06267845708054566,0.3211147684321172
1110,curr_body_div_max_body_5.0_7window,-3104.0493033133316,25220,0.5015067406819984,-0.12307887800607976,0.32916498685864737
72,low_increasing_10candles,-3108.0096922239736,215,0.4883720930232558,-14.455859033599877,0.3607298490991196
957,(volume_multiply_wick_ratio)_threshold_3.0_10candles,-3123.2239166715417,4879,0.4816560770649723,-0.6401360763827714,0.3521586500433833
203,wick_ratio_decelerating_5candles,-3165.673808328237,208,0.44711538461538464,-15.219585616962679,0.3534969754777774
922,(wick_ratio_multiply_upper_wick)_threshold_5.0_7candles,-3192.2773775847863,2739,0.4910551296093465,-1.165490097694336,0.33696354962255387
1034,(wick_ratio_divide_upper_wick)_threshold_2.0_10candles,-3203.5159090183943,1770,0.49322033898305084,-1.8098959937957029,0.3404065655532697
254,wick_ratio_reversal_after_5candles,-3246.1886587425215,24590,0.49894265961773077,-0.13201255220587724,0.36672467527311864
828,(volume_multiply_body)_threshold_1.0_7candles,-3251.6894754864416,16747,0.4907147548814713,-0.19416549086322574,0.3722012824309516
967,(volume_ratio_change_wick_ratio)_threshold_1.5_10candles,-3281.4147126066027,21371,0.4959524589396846,-0.15354521138957478,0.37996148143991815
751,(volume_ratio_change_wick_ratio)_threshold_1.5_5candles,-3281.4911943573243,21372,0.4959292532285233,-0.15354160557539417,0.3799614814399116
859,(volume_ratio_change_wick_ratio)_threshold_1.5_7candles,-3281.4911943573243,21372,0.4959292532285233,-0.15354160557539417,0.3799614814399116
854,(volume_divide_wick_ratio)_threshold_2.0_7candles,-3324.8293939717405,6970,0.493974175035868,-0.4770199991351134,0.38686772219835563
941,(volume_divide_body)_threshold_0.5_10candles,-3375.10517401139,23396,0.49461446401094206,-0.1442599236626513,0.41387345864161124
199,volume_decelerating_5candles,-3384.196517072278,487,0.44353182751540043,-6.949068823557039,0.4285346888057349
952,(volume_ratio_change_body)_threshold_5.0_10candles,-3442.640930926156,7436,0.4896449704142012,-0.46296946354574453,0.381648578999576
246,close_reversal_after_5candles,-3454.3584054567573,25100,0.4960159362549801,-0.13762384085485088,0.37355663342594947
983,(volume_ratio_change_upper_wick)_threshold_0.5_10candles,-3490.0142072208264,29749,0.4980671619214091,-0.11731534529634026,0.37429506058368106
875,(volume_ratio_change_upper_wick)_threshold_0.5_7candles,-3490.088314356445,29750,0.4980504201680672,-0.11731389291954437,0.3742950605836802
767,(volume_ratio_change_upper_wick)_threshold_0.5_5candles,-3501.5315763930676,29751,0.4980336795401835,-0.11769458426248085,0.37429506058366513
840,(volume_ratio_change_body)_threshold_1.0_7candles,-3502.1145021426146,24797,0.4925595838206235,-0.14123137888222828,0.3785253531883719
948,(volume_ratio_change_body)_threshold_1.0_10candles,-3502.1440901008637,24796,0.49253911921277627,-0.14123826786985255,0.3785253531883643
732,(volume_ratio_change_body)_threshold_1.0_5candles,-3513.5366242891287,24798,0.4925397209452375,-0.14168629019635168,0.37903783136843905
768,(volume_ratio_change_upper_wick)_threshold_1.0_5candles,-3548.4868069521335,23766,0.49259446267777496,-0.14930938344492695,0.4193738431802081
1119,curr_body_div_max_body_4.0_10window,-3577.158577968078,25726,0.5002332270854388,-0.13904837821534938,0.40295635407755986
885,(body_multiply_wick_ratio)_threshold_3.0_7candles,-3593.3797762391587,600,0.4683333333333333,-5.988966293731931,0.3863237864604851
4,high_decreasing_5candles,-3725.3297745292693,4479,0.46126367492743914,-0.8317324792429714,0.38996664458644553
253,lower_wick_reversal_after_5candles,-3812.435705956732,22997,0.49562986476496934,-0.16577969761085062,0.3957204877733693
173,low_stable_20candles,-3936.208003336389,49373,0.49662771150223806,-0.07972389774444309,0.4037123761558138
1058,wick_ratio_time_decay_0.5_10candles,-4060.6570613371805,7591,0.48096429982874456,-0.5349304520270295,0.44766427784331114
